{"cameraMode":{"drawMode":0,"name":"Shaded","section":"Shading Mode"},"sceneLighting":true,"audioPlay":false,"sceneViewState":{"showFog":true,"showMaterialUpdate":false,"showSkybox":true,"showFlares":true,"showImageEffects":true,"showParticleSystems":true},"in2DMode":false,"pivot":{"x":-3.469958543777466,"y":9.215645790100098,"z":-6.0663533210754398},"rotation":{"x":0.02518174983561039,"y":-0.0218939371407032,"z":-0.0005514512304216623,"w":-0.999444305896759},"size":1.810293197631836,"orthographic":false}